Введіть запит,Відповідь від LLM,flag,username,timestamp
Який обов'язок інженера-програміста?,,,,2025-02-01 22:15:22.133120
інженер 2 категорії,"Використовуючи наступні фрагменти:
- 2.2.За напрямом охорони праці: Інженер 2 категорії групи супроводу програм управління персоналом сектора супроводу електронного документообігу та управління персоналом при виконанні своїх функціональних обов’язків: співпрацює у справі організації безпечних і нешкідливих умов праці, особисто вживає посильних заходів щодо усунення будь-якої виробничої ситуації, яка створює загрозу його життю чи здоров’ю або людей, які його оточують, і навколишньому природному середовищу, повідомляє про небезпеку свого безпосереднього керівника або іншу посадову особу. Працівник зобов’язаний: дбати про особисту безпеку і здоров’я, а також про безпеку і здоров’я оточуючих людей в процесі виконання будь-яких робіт, чи під час перебування на території Товариства; знати і виконувати вимоги нормативно-правових актів з охорони праці, цивільного захисту та пожежно-

Джерела:
Файл: Інженера 2 категорії групиHR.pdf
Файл: Інженера 2 категорії групиHR.pdf
Файл: Інженера 2 категорії групиHR.pdf",,,2025-02-02 15:02:46.486498
інженер 2 категорії,"Використовуючи наступні фрагменти:
- 2.2.За напрямом охорони праці: Інженер 2 категорії групи супроводу програм управління персоналом сектора супроводу електронного документообігу та управління персоналом при виконанні своїх функціональних обов’язків: співпрацює у справі організації безпечних і нешкідливих умов праці, особисто вживає посильних заходів щодо усунення будь-якої виробничої ситуації, яка створює загрозу його життю чи здоров’ю або людей, які його оточують, і навколишньому природному середовищу, повідомляє про небезпеку свого безпосереднього керівника або іншу посадову особу. Працівник зобов’язаний: дбати про особисту безпеку і здоров’я, а також про безпеку і здоров’я оточуючих людей в процесі виконання будь-яких робіт, чи під час перебування на території Товариства; знати і виконувати вимоги нормативно-правових актів з охорони праці, цивільного захисту та пожежно-

Джерела:
Файл: Інженера 2 категорії групиHR.pdf
Файл: Інженера 2 категорії групиHR.pdf
Файл: Інженера 2 категорії групиHR.pdf",,,2025-02-02 15:02:51.758446
інженер 2 категорії,"Використовуючи наступні фрагменти:
- 2.2.За напрямом охорони праці: Інженер 2 категорії групи супроводу програм управління персоналом сектора супроводу електронного документообігу та управління персоналом при виконанні своїх функціональних обов’язків: співпрацює у справі організації безпечних і нешкідливих умов праці, особисто вживає посильних заходів щодо усунення будь-якої виробничої ситуації, яка створює загрозу його життю чи здоров’ю або людей, які його оточують, і навколишньому природному середовищу, повідомляє про небезпеку свого безпосереднього керівника або іншу посадову особу. Працівник зобов’язаний: дбати про особисту безпеку і здоров’я, а також про безпеку і здоров’я оточуючих людей в процесі виконання будь-яких робіт, чи під час перебування на території Товариства; знати і виконувати вимоги нормативно-правових актів з охорони праці, цивільного захисту та пожежно-

Джерела:
Файл: Інженера 2 категорії групиHR.pdf
Файл: Інженера 2 категорії групиHR.pdf
Файл: Інженера 2 категорії групиHR.pdf",,,2025-02-02 15:02:53.580317
